자연,한라산국립공원,20200101,3
자연,한라산국립공원,20200102,4
자연,한라산국립공원,20200103,2
자연,한라산국립공원,20200104,5
자연,한라산국립공원,20200105,7
자연,한라산국립공원,20200106,3
자연,한라산국립공원,20200108,2
자연,한라산국립공원,20200109,2
자연,한라산국립공원,20200111,2
자연,한라산국립공원,20200112,6
자연,한라산국립공원,20200113,3
자연,한라산국립공원,20200114,5
자연,한라산국립공원,20200116,2
자연,한라산국립공원,20200117,6
자연,한라산국립공원,20200118,6
자연,한라산국립공원,20200119,4
자연,한라산국립공원,20200120,3
자연,한라산영실,20200109,1
자연,한라산영실,20200111,1
자연,한라산영실,20200115,1
자연,형제섬,20200118,8
자연,형제섬,20200119,10
자연,형제섬,20200120,5
자연,혼인지,20200105,1
자연,혼인지,20200106,2
자연,혼인지,20200107,1
자연,혼인지,20200111,2
자연,혼인지,20200112,2
자연,혼인지,20200113,3
자연,혼인지,20200114,1
자연,혼인지,20200115,2
자연,혼인지,20200116,1
자연,혼인지,20200117,1
자연,혼인지,20200118,1
자연,혼인지,20200119,3
자연,혼인지,20200120,1
자연,황우지해안,20200118,2
자연,황우지해안,20200119,5
자연,황우지해안,20200120,8
체험관광지,다희연,20200120,1
체험관광지,두맹이골목,20200101,1
체험관광지,두맹이골목,20200102,1
체험관광지,두맹이골목,20200103,1
체험관광지,두맹이골목,20200104,1
체험관광지,두맹이골목,20200105,1
체험관광지,두맹이골목,20200106,1
체험관광지,두맹이골목,20200107,1
체험관광지,두맹이골목,20200108,1
체험관광지,두맹이골목,20200109,1
체험관광지,두맹이골목,20200110,1
체험관광지,두맹이골목,20200111,1
체험관광지,두맹이골목,20200112,1
체험관광지,두맹이골목,20200113,2
체험관광지,두맹이골목,20200114,1
체험관광지,두맹이골목,20200115,1
체험관광지,두맹이골목,20200116,1
체험관광지,두맹이골목,20200117,1
체험관광지,두맹이골목,20200118,1
체험관광지,두맹이골목,20200119,1
체험관광지,두맹이골목,20200120,1
체험관광지,마린파크,20200114,1
체험관광지,마린파크,20200115,3
체험관광지,마린파크,20200116,2
체험관광지,마린파크,20200117,2
체험관광지,마린파크,20200119,6
체험관광지,마린파크,20200120,2
체험관광지,번개과학체험관,20200116,1
체험관광지,번개과학체험관,20200118,1
체험관광지,번개과학체험관,20200119,1
체험관광지,번개과학체험관,20200120,2
체험관광지,사진놀이터,20200119,7
체험관광지,사진놀이터,20200120,8
체험관광지,가시리마을,20200102,1
체험관광지,가시리마을,20200112,1
체험관광지,예래생태마을,20200101,1
체험관광지,예래생태마을,20200102,1
체험관광지,예래생태마을,20200105,1
체험관광지,예래생태마을,20200117,1
